data/nyu2_train/living_room_0038_out/37.jpg,data/nyu2_train/living_room_0038_out/37.png
data/nyu2_train/living_room_0038_out/115.jpg,data/nyu2_train/living_room_0038_out/115.png
data/nyu2_train/living_room_0038_out/6.jpg,data/nyu2_train/living_room_0038_out/6.png
data/nyu2_train/living_room_0038_out/152.jpg,data/nyu2_train/living_room_0038_out/152.png
data/nyu2_train/living_room_0038_out/142.jpg,data/nyu2_train/living_room_0038_out/142.png
data/nyu2_train/living_room_0038_out/94.jpg,data/nyu2_train/living_room_0038_out/94.png
data/nyu2_train/living_room_0038_out/158.jpg,data/nyu2_train/living_room_0038_out/158.png
data/nyu2_train/living_room_0038_out/18.jpg,data/nyu2_train/living_room_0038_out/18.png
data/nyu2_train/living_room_0038_out/167.jpg,data/nyu2_train/living_room_0038_out/167.png
data/nyu2_train/living_room_0038_out/21.jpg,data/nyu2_train/living_room_0038_out/21.png
data/nyu2_train/living_room_0038_out/48.jpg,data/nyu2_train/living_room_0038_out/48.png
data/nyu2_train/living_room_0038_out/75.jpg,data/nyu2_train/living_room_0038_out/75.png
data/nyu2_train/living_room_0038_out/171.jpg,data/nyu2_train/living_room_0038_out/171.png
data/nyu2_train/living_room_0038_out/25.jpg,data/nyu2_train/living_room_0038_out/25.png
data/nyu2_train/living_room_0038_out/13.jpg,data/nyu2_train/living_room_0038_out/13.png
data/nyu2_train/living_room_0038_out/68.jpg,data/nyu2_train/living_room_0038_out/68.png
data/nyu2_train/living_room_0038_out/28.jpg,data/nyu2_train/living_room_0038_out/28.png
data/nyu2_train/living_room_0038_out/161.jpg,data/nyu2_train/living_room_0038_out/161.png
data/nyu2_train/living_room_0038_out/85.jpg,data/nyu2_train/living_room_0038_out/85.png
data/nyu2_train/living_room_0038_out/57.jpg,data/nyu2_train/living_room_0038_out/57.png
data/nyu2_train/living_room_0038_out/34.jpg,data/nyu2_train/living_room_0038_out/34.png
data/nyu2_train/living_room_0038_out/118.jpg,data/nyu2_train/living_room_0038_out/118.png
data/nyu2_train/living_room_0038_out/53.jpg,data/nyu2_train/living_room_0038_out/53.png
data/nyu2_train/living_room_0038_out/11.jpg,data/nyu2_train/living_room_0038_out/11.png